Order Date,Region,Category,Sub-Category,Sales,Quantity,Profit,Discount
2023-01-01,East,Electronics,Headphones,1612.18,9,179.23,0.0
2023-01-02,North,Furniture,Tables,1223.92,3,146.99,0.3
2023-01-02,East,Office Supplies,Paper,3796.01,3,327.87,0.3
2023-01-02,Central,Furniture,Chairs,2309.96,5,-66.11,0.2
2023-01-02,Central,Furniture,Beds,23.84,1,1.2,0.3
2023-01-03,South,Office Supplies,Pens,4801.79,3,1089.57,0.2
2023-01-03,South,Electronics,Smartphones,2144.01,6,219.16,0.1
2023-01-03,South,Office Supplies,Pens,4821.5,7,516.24,0.3
2023-01-04,West,Furniture,Chairs,4436.16,3,101.43,0.2
2023-01-04,South,Furniture,Chairs,2481.64,10,181.1,0.0
2023-01-05,Central,Electronics,Smartphones,813.68,1,208.72,0.1
2023-01-06,Central,Furniture,Chairs,4928.64,3,-480.14,0.3
2023-01-06,South,Office Supplies,Binders,87.15,3,28.65,0.1
2023-01-07,West,Electronics,Laptops,4404.19,9,326.55,0.0
2023-01-08,East,Office Supplies,Pens,1156.75,6,112.69,0.3
2023-01-09,South,Apparel,Shoes,4757.23,6,454.48,0.1
2023-01-10,Central,Furniture,Beds,786.26,8,154.37,0.3
2023-01-10,South,Office Supplies,Binders,3209.23,6,444.66,0.3
2023-01-11,North,Electronics,Laptops,2803.54,2,988.41,0.2
2023-01-11,East,Electronics,Headphones,822.78,1,302.25,0.2
2023-01-12,North,Electronics,Smartphones,877.15,7,155.9,0.1
2023-01-12,North,Office Supplies,Paper,2011.9,10,377.54,0.1
2023-01-12,North,Electronics,Smartphones,4314.85,4,1208.24,0.2
2023-01-13,North,Electronics,Cameras,3374.77,8,1346.35,0.0
2023-01-14,East,Office Supplies,Pens,4400.62,8,1205.37,0.0
2023-01-14,South,Electronics,Laptops,2526.48,7,359.13,0.3
2023-01-14,West,Office Supplies,Pens,3726.96,7,765.24,0.2
2023-01-14,East,Furniture,Tables,4139.8,9,-392.52,0.2
2023-01-15,East,Office Supplies,Envelopes,888.15,9,66.99,0.3
2023-01-15,West,Office Supplies,Pens,2939.95,3,1036.47,0.2
2023-01-17,Central,Office Supplies,Paper,2141.39,2,270.18,0.0
2023-01-17,North,Electronics,Smartphones,978.09,10,281.08,0.1
2023-01-18,East,Office Supplies,Paper,93.27,4,18.54,0.1
2023-01-20,West,Office Supplies,Pens,1755.25,5,128.76,0.2
2023-01-21,North,Electronics,Smartphones,259.69,2,57.91,0.2
2023-01-21,North,Office Supplies,Envelopes,597.46,5,185.52,0.0
2023-01-22,South,Furniture,Sofas,2088.74,5,-99.46,0.2
2023-01-22,East,Electronics,Cameras,1636.9,9,365.81,0.1
2023-01-23,West,Furniture,Tables,2348.67,7,-88.25,0.0
2023-01-23,West,Apparel,Jeans,4314.11,1,854.57,0.1
2023-01-23,South,Electronics,Smartphones,44.49,1,7.36,0.2
2023-01-24,North,Office Supplies,Paper,3728.48,9,543.42,0.2
2023-01-25,South,Electronics,Laptops,2916.97,7,976.36,0.2
2023-01-28,Central,Office Supplies,Paper,530.72,6,141.68,0.1
2023-01-29,North,Apparel,Jeans,4911.21,8,1932.9,0.1
2023-01-29,Central,Furniture,Chairs,4982.67,9,449.19,0.0
2023-01-30,East,Office Supplies,Binders,3369.67,4,1265.01,0.2
2023-02-01,East,Apparel,T-shirts,2148.65,10,655.35,0.3
2023-02-02,North,Office Supplies,Pens,4607.44,3,1703.06,0.2
2023-02-03,North,Electronics,Smartphones,2299.77,1,844.73,0.2
2023-02-03,Central,Apparel,T-shirts,4384.83,9,335.21,0.3
2023-02-03,South,Office Supplies,Envelopes,2647.16,2,961.99,0.0
2023-02-04,East,Electronics,Smartphones,3935.78,4,1084.54,0.2
2023-02-04,North,Furniture,Sofas,4434.36,3,134.49,0.1
2023-02-05,North,Apparel,T-shirts,2163.43,4,503.85,0.2
2023-02-05,Central,Apparel,Shoes,4939.77,6,386.01,0.0
2023-02-05,Central,Office Supplies,Pens,2227.56,6,742.66,0.0
2023-02-06,Central,Office Supplies,Binders,2275.19,1,315.06,0.1
2023-02-08,East,Electronics,Headphones,2772.33,1,327.65,0.0
2023-02-09,West,Electronics,Smartphones,628.32,7,42.16,0.0
2023-02-09,East,Furniture,Sofas,2355.14,7,417.21,0.2
2023-02-10,South,Electronics,Smartphones,813.88,1,278.65,0.2
2023-02-11,Central,Apparel,Jackets,2726.06,4,987.5,0.3
2023-02-11,South,Electronics,Laptops,4227.04,3,1414.5,0.0
2023-02-11,South,Furniture,Tables,767.67,10,-40.82,0.1
2023-02-14,Central,Office Supplies,Binders,1601.3,7,257.07,0.1
2023-02-15,Central,Office Supplies,Binders,1335.52,8,144.27,0.2
2023-02-16,North,Office Supplies,Envelopes,1185.22,5,88.09,0.1
2023-02-19,South,Electronics,Headphones,2540.91,8,233.75,0.0
2023-02-19,North,Office Supplies,Paper,1679.76,10,646.84,0.3
2023-02-20,South,Furniture,Beds,4971.07,5,531.42,0.2
2023-02-24,West,Office Supplies,Binders,888.25,3,106.08,0.0
2023-02-24,Central,Office Supplies,Paper,1764.33,1,699.81,0.2
2023-02-25,East,Office Supplies,Binders,816.18,2,322.89,0.0
2023-02-26,East,Furniture,Chairs,3466.82,3,116.02,0.1
2023-02-28,Central,Furniture,Chairs,3110.37,7,412.01,0.1
2023-02-28,North,Office Supplies,Envelopes,1736.79,1,91.62,0.2
2023-03-01,East,Electronics,Laptops,1662.56,8,570.08,0.1
2023-03-01,North,Furniture,Sofas,3331.79,6,78.17,0.0
2023-03-01,West,Furniture,Tables,4354.42,3,446.85,0.0
2023-03-02,North,Apparel,Jackets,137.44,1,52.99,0.0
2023-03-03,South,Apparel,T-shirts,182.53,5,30.75,0.0
2023-03-03,Central,Furniture,Sofas,2192.91,2,98.14,0.0
2023-03-04,Central,Apparel,Jackets,2846.07,10,217.38,0.2
2023-03-04,West,Office Supplies,Binders,2924.38,1,942.24,0.1
2023-03-05,Central,Office Supplies,Binders,4772.75,5,555.87,0.0
2023-03-05,North,Apparel,Jackets,4576.1,6,610.24,0.0
2023-03-05,West,Electronics,Headphones,1283.25,8,443.72,0.2
2023-03-06,Central,Electronics,Cameras,1481.14,10,178.01,0.3
2023-03-07,South,Electronics,Cameras,2959.09,9,1132.8,0.3
2023-03-07,Central,Electronics,Cameras,1002.93,6,175.33,0.3
2023-03-07,East,Office Supplies,Envelopes,4508.33,4,907.81,0.2
2023-03-07,West,Furniture,Beds,1682.55,6,46.28,0.3
2023-03-08,East,Electronics,Smartphones,2354.03,4,207.27,0.3
2023-03-09,Central,Furniture,Beds,2612.34,4,37.35,0.3
2023-03-10,Central,Electronics,Cameras,382.78,2,56.3,0.3
2023-03-12,Central,Furniture,Chairs,4991.3,1,596.79,0.2
2023-03-12,North,Electronics,Smartphones,4511.78,4,747.8,0.0
2023-03-13,West,Electronics,Laptops,1788.4,9,688.2,0.2
2023-03-13,West,Electronics,Headphones,83.3,4,15.11,0.3
2023-03-13,South,Furniture,Tables,2261.85,1,-32.6,0.3
2023-03-14,West,Office Supplies,Binders,3787.78,1,1197.91,0.3
2023-03-15,South,Furniture,Sofas,749.57,7,101.85,0.1
2023-03-16,Central,Office Supplies,Envelopes,4150.37,3,1563.08,0.0
2023-03-16,South,Office Supplies,Paper,2486.91,4,709.25,0.3
2023-03-16,North,Electronics,Cameras,900.34,2,346.76,0.0
2023-03-18,East,Apparel,T-shirts,1586.87,3,485.58,0.3
2023-03-18,Central,Electronics,Cameras,3120.18,8,1164.63,0.0
2023-03-19,South,Furniture,Chairs,10.37,8,1.22,0.1
2023-03-19,North,Office Supplies,Paper,4371.47,10,781.18,0.0
2023-03-20,South,Office Supplies,Paper,2704.86,6,903.12,0.2
2023-03-20,East,Electronics,Laptops,3996.29,4,353.27,0.3
2023-03-22,West,Furniture,Tables,4058.18,4,710.79,0.3
2023-03-23,South,Office Supplies,Pens,1677.31,7,387.95,0.0
2023-03-23,Central,Electronics,Smartphones,2181.35,3,846.29,0.2
2023-03-23,East,Apparel,T-shirts,1109.05,10,61.6,0.3
2023-03-23,South,Electronics,Headphones,3035.27,7,632.17,0.1
2023-03-23,North,Office Supplies,Binders,180.61,9,14.22,0.2
2023-03-24,East,Apparel,Jackets,4954.48,1,1901.0,0.3
2023-03-24,East,Office Supplies,Binders,1613.68,2,320.71,0.0
2023-03-25,South,Apparel,Jeans,2848.52,1,1045.65,0.3
2023-03-25,South,Furniture,Tables,2153.66,5,114.64,0.2
2023-03-25,West,Electronics,Laptops,3591.61,1,419.8,0.0
2023-03-27,North,Office Supplies,Pens,4722.94,5,1037.64,0.2
2023-03-28,West,Office Supplies,Binders,322.98,6,35.34,0.1
2023-03-28,West,Office Supplies,Paper,1510.36,5,470.88,0.2
2023-03-28,East,Office Supplies,Envelopes,2815.73,7,260.85,0.3
2023-03-29,East,Electronics,Headphones,2777.52,9,419.64,0.1
2023-03-30,East,Electronics,Headphones,2248.99,8,185.58,0.2
2023-03-30,Central,Apparel,Jackets,560.55,3,104.67,0.1
2023-03-31,South,Office Supplies,Paper,1363.71,8,508.36,0.1
2023-03-31,South,Office Supplies,Binders,4030.65,10,727.44,0.1
2023-03-31,Central,Furniture,Beds,231.53,8,-19.68,0.1
2023-04-02,East,Furniture,Tables,808.86,3,-61.07,0.0
2023-04-03,East,Furniture,Tables,1853.62,10,-61.6,0.3
2023-04-03,South,Office Supplies,Binders,2966.74,9,476.07,0.3
2023-04-03,Central,Apparel,Jeans,23.58,1,9.01,0.0
2023-04-04,Central,Furniture,Beds,4780.0,2,171.36,0.2
2023-04-04,East,Office Supplies,Envelopes,4518.77,7,960.98,0.2
2023-04-04,North,Furniture,Tables,4028.29,6,548.75,0.3
2023-04-06,East,Electronics,Cameras,1413.0,3,332.34,0.3
2023-04-06,East,Apparel,Jackets,4396.56,1,829.94,0.3
2023-04-07,West,Furniture,Chairs,1458.91,2,-108.03,0.0
2023-04-07,South,Apparel,Jeans,1538.49,1,337.06,0.2
2023-04-08,West,Electronics,Laptops,1886.95,8,558.77,0.3
2023-04-09,Central,Electronics,Headphones,4928.93,3,968.9,0.1
2023-04-09,Central,Office Supplies,Envelopes,339.95,7,76.17,0.2
2023-04-09,East,Office Supplies,Binders,2153.52,6,238.73,0.0
2023-04-10,West,Apparel,Jeans,824.91,10,195.37,0.1
2023-04-10,North,Office Supplies,Binders,1187.47,5,130.56,0.3
2023-04-10,North,Office Supplies,Envelopes,3899.41,6,1468.89,0.3
2023-04-12,East,Apparel,Jackets,805.36,10,85.26,0.0
2023-04-14,Central,Office Supplies,Pens,1652.75,7,180.44,0.3
2023-04-15,North,Furniture,Tables,161.33,9,-0.88,0.2
2023-04-16,West,Electronics,Laptops,4814.69,8,1639.37,0.0
2023-04-16,South,Electronics,Headphones,2761.03,8,933.68,0.2
2023-04-18,West,Furniture,Sofas,1389.88,10,28.12,0.1
2023-04-18,West,Office Supplies,Pens,3460.81,9,658.94,0.1
2023-04-19,West,Office Supplies,Binders,845.05,9,164.12,0.2
2023-04-19,Central,Furniture,Chairs,4599.17,7,804.74,0.1
2023-04-21,East,Furniture,Tables,2445.43,5,-219.9,0.0
2023-04-21,South,Electronics,Headphones,3192.05,2,447.37,0.0
2023-04-22,North,Apparel,Jackets,4997.99,1,779.35,0.1
2023-04-23,South,Electronics,Headphones,2357.09,7,293.82,0.0
2023-04-24,Central,Apparel,Jackets,49.06,10,18.53,0.2
2023-04-24,South,Furniture,Beds,4044.01,3,608.24,0.0
2023-04-24,North,Furniture,Sofas,2812.74,6,-53.89,0.0
2023-04-26,Central,Electronics,Laptops,3024.99,7,806.65,0.0
2023-04-26,West,Office Supplies,Paper,966.98,5,172.63,0.2
2023-04-27,East,Furniture,Chairs,3881.95,10,-154.36,0.3
2023-04-28,West,Office Supplies,Binders,3022.13,6,1174.08,0.1
2023-04-29,North,Office Supplies,Paper,2822.79,8,501.45,0.2
2023-04-30,North,Furniture,Sofas,3122.84,5,-256.36,0.3
2023-05-01,West,Electronics,Smartphones,234.67,1,39.39,0.3
2023-05-01,West,Electronics,Laptops,3462.09,7,175.26,0.1
2023-05-01,North,Apparel,Jeans,4803.63,6,791.14,0.2
2023-05-01,East,Furniture,Tables,4023.77,6,387.98,0.3
2023-05-01,South,Apparel,Shoes,1816.73,5,558.9,0.2
2023-05-01,East,Furniture,Beds,1512.75,1,195.48,0.1
2023-05-02,North,Electronics,Headphones,3517.19,7,1221.96,0.2
2023-05-02,South,Apparel,Jeans,2707.72,6,283.18,0.0
2023-05-02,West,Furniture,Sofas,4946.15,4,863.73,0.3
2023-05-02,Central,Office Supplies,Pens,2592.41,7,683.85,0.3
2023-05-02,East,Electronics,Smartphones,4337.4,2,887.98,0.3
2023-05-03,Central,Electronics,Laptops,2499.65,5,756.68,0.3
2023-05-05,North,Office Supplies,Binders,457.01,10,29.55,0.0
2023-05-05,Central,Furniture,Tables,2743.29,1,45.58,0.2
2023-05-05,South,Furniture,Sofas,1618.1,1,196.94,0.1
2023-05-05,South,Electronics,Cameras,1755.66,1,97.39,0.1
2023-05-06,South,Electronics,Laptops,3880.21,2,212.09,0.3
2023-05-06,North,Apparel,T-shirts,271.15,2,27.78,0.0
2023-05-07,West,Office Supplies,Envelopes,2276.18,10,541.16,0.1
2023-05-08,Central,Electronics,Cameras,1965.08,8,356.21,0.1
2023-05-09,Central,Apparel,Jackets,3859.32,2,822.42,0.0
2023-05-09,Central,Office Supplies,Pens,390.54,2,67.65,0.0
2023-05-10,South,Electronics,Laptops,3994.17,4,952.77,0.2
2023-05-11,Central,Furniture,Sofas,3807.1,9,700.35,0.3
2023-05-14,Central,Electronics,Cameras,372.87,4,26.3,0.2
2023-05-14,South,Furniture,Chairs,4560.28,7,-434.12,0.3
2023-05-14,Central,Electronics,Laptops,3150.31,6,272.82,0.2
2023-05-14,Central,Apparel,T-shirts,4956.68,3,358.45,0.2
2023-05-15,East,Apparel,Shoes,1705.21,5,391.49,0.2
2023-05-15,North,Office Supplies,Pens,2022.19,3,502.63,0.0
2023-05-15,North,Electronics,Headphones,2873.37,1,930.14,0.0
2023-05-16,Central,Apparel,Jeans,1789.75,5,478.55,0.3
2023-05-18,South,Office Supplies,Paper,1672.25,3,482.02,0.1
2023-05-19,South,Electronics,Cameras,591.68,1,81.84,0.2
2023-05-20,South,Office Supplies,Envelopes,3758.5,7,601.63,0.3
2023-05-20,East,Office Supplies,Binders,4142.51,6,260.56,0.0
2023-05-21,East,Apparel,Jeans,574.65,5,157.19,0.1
2023-05-21,West,Apparel,Shoes,1207.35,10,175.15,0.2
2023-05-22,East,Furniture,Tables,2814.61,3,347.73,0.3
2023-05-22,East,Electronics,Smartphones,4082.51,1,924.3,0.2
2023-05-24,Central,Furniture,Chairs,4472.69,3,-431.55,0.0
2023-05-25,West,Office Supplies,Paper,1637.62,4,381.64,0.1
2023-05-25,West,Apparel,Jeans,4277.26,4,1376.65,0.3
2023-05-27,West,Furniture,Sofas,4847.29,1,651.72,0.3
2023-05-28,East,Apparel,Jackets,755.16,5,143.88,0.3
2023-05-28,East,Apparel,Shoes,4748.05,5,247.6,0.3
2023-05-29,West,Furniture,Chairs,3606.02,9,-124.24,0.2
2023-05-29,North,Electronics,Laptops,2085.59,10,464.21,0.3
2023-05-30,South,Apparel,Jeans,1615.82,2,400.06,0.2
2023-05-31,East,Electronics,Cameras,320.54,2,46.0,0.0
2023-06-01,East,Furniture,Chairs,447.73,8,-23.49,0.3
2023-06-01,North,Apparel,T-shirts,1890.98,9,337.12,0.0
2023-06-01,South,Electronics,Cameras,3448.05,7,330.11,0.3
2023-06-01,South,Office Supplies,Envelopes,1177.68,10,227.22,0.0
2023-06-02,North,Apparel,Shoes,4036.97,3,316.82,0.3
2023-06-02,West,Electronics,Headphones,2874.88,2,370.53,0.2
2023-06-03,South,Office Supplies,Pens,167.39,9,63.11,0.3
2023-06-03,East,Office Supplies,Binders,490.91,1,62.61,0.1
2023-06-03,East,Apparel,Shoes,3764.32,8,370.24,0.2
2023-06-05,South,Furniture,Tables,3071.59,5,-159.22,0.0
2023-06-06,South,Apparel,Shoes,2914.88,10,149.66,0.1
2023-06-06,Central,Furniture,Beds,778.4,6,74.63,0.1
2023-06-07,North,Electronics,Smartphones,2835.31,4,869.76,0.3
2023-06-07,North,Office Supplies,Envelopes,380.26,1,92.85,0.1
2023-06-08,East,Office Supplies,Paper,3929.81,4,1172.21,0.0
2023-06-08,Central,Apparel,Shoes,2695.36,4,973.03,0.3
2023-06-08,Central,Apparel,Jeans,3014.65,3,281.77,0.1
2023-06-08,West,Furniture,Beds,1494.57,10,-147.18,0.3
2023-06-09,Central,Apparel,Shoes,4736.89,7,1594.84,0.2
2023-06-09,East,Electronics,Laptops,2387.29,3,657.46,0.2
2023-06-09,Central,Furniture,Sofas,498.7,9,73.35,0.3
2023-06-09,West,Electronics,Cameras,4423.47,4,832.38,0.3
2023-06-09,South,Electronics,Headphones,3500.65,3,538.6,0.3
2023-06-09,West,Furniture,Tables,4886.54,8,584.38,0.2
2023-06-10,North,Furniture,Chairs,3247.97,10,585.25,0.2
2023-06-11,Central,Apparel,Jeans,2818.83,2,781.96,0.1
2023-06-11,East,Electronics,Cameras,4160.98,2,1085.79,0.0
2023-06-11,East,Apparel,Jeans,983.34,4,54.83,0.1
2023-06-12,North,Electronics,Headphones,1152.37,10,290.44,0.1
2023-06-12,West,Electronics,Laptops,2388.49,10,643.29,0.2
2023-06-14,Central,Furniture,Sofas,4920.72,9,837.76,0.2
2023-06-14,South,Office Supplies,Paper,1853.98,3,298.1,0.3
2023-06-16,West,Furniture,Chairs,4437.84,5,621.49,0.1
2023-06-16,South,Electronics,Cameras,390.23,5,51.63,0.1
2023-06-17,South,Office Supplies,Binders,3768.01,6,781.18,0.3
2023-06-18,North,Furniture,Sofas,4843.06,9,796.83,0.1
2023-06-20,Central,Office Supplies,Binders,1623.45,9,327.05,0.2
2023-06-21,Central,Office Supplies,Pens,1976.3,8,439.7,0.0
2023-06-22,North,Furniture,Chairs,2206.44,10,428.45,0.1
2023-06-23,North,Office Supplies,Envelopes,3172.55,3,1052.3,0.1
2023-06-23,North,Office Supplies,Pens,3832.29,7,398.11,0.2
2023-06-23,North,Furniture,Chairs,3364.21,2,370.35,0.1
2023-06-25,East,Apparel,Jackets,885.25,2,203.01,0.2
2023-06-25,Central,Electronics,Cameras,4120.11,1,642.4,0.2
2023-06-27,South,Apparel,Jackets,1110.77,10,326.03,0.2
2023-06-27,Central,Electronics,Cameras,2945.96,6,910.59,0.3
2023-06-28,West,Office Supplies,Envelopes,158.88,4,37.31,0.0
2023-06-28,North,Apparel,Jeans,3984.79,4,779.91,0.2
2023-06-28,East,Apparel,Jackets,2944.45,3,700.9,0.0
2023-06-29,East,Office Supplies,Pens,4362.56,10,263.99,0.2
2023-06-29,East,Apparel,Jackets,1128.65,6,164.55,0.0
2023-07-01,West,Office Supplies,Binders,162.93,10,58.15,0.0
2023-07-01,Central,Office Supplies,Pens,780.57,6,218.08,0.1
2023-07-01,South,Furniture,Chairs,170.92,4,19.56,0.1
2023-07-04,West,Apparel,T-shirts,204.04,7,40.9,0.0
2023-07-04,North,Office Supplies,Paper,734.76,10,106.28,0.1
2023-07-04,North,Apparel,Shoes,3663.98,1,1285.49,0.1
2023-07-05,South,Office Supplies,Paper,3073.81,3,1041.89,0.2
2023-07-05,East,Electronics,Laptops,2283.95,5,714.9,0.2
2023-07-06,West,Apparel,Jackets,1858.96,9,464.42,0.1
2023-07-07,West,Office Supplies,Envelopes,3686.79,2,757.25,0.2
2023-07-07,North,Furniture,Tables,2152.31,4,269.67,0.0
2023-07-10,West,Office Supplies,Paper,1141.59,9,131.56,0.0
2023-07-11,Central,Office Supplies,Pens,3764.45,3,1434.1,0.1
2023-07-11,North,Apparel,Jeans,2652.79,4,295.92,0.1
2023-07-12,North,Apparel,T-shirts,3359.91,6,324.31,0.1
2023-07-13,West,Apparel,T-shirts,1111.32,5,337.02,0.2
2023-07-14,North,Furniture,Beds,982.74,7,-57.88,0.1
2023-07-15,South,Office Supplies,Paper,1965.83,9,625.79,0.1
2023-07-16,East,Office Supplies,Pens,2237.49,6,391.47,0.0
2023-07-17,Central,Apparel,Jackets,2507.01,6,458.95,0.1
2023-07-17,Central,Office Supplies,Pens,4835.64,5,1603.59,0.0
2023-07-17,Central,Apparel,Jackets,3431.66,6,266.82,0.2
2023-07-17,South,Apparel,Jackets,4547.52,3,1489.01,0.2
2023-07-17,South,Apparel,Jackets,2529.18,1,520.75,0.2
2023-07-17,North,Office Supplies,Envelopes,4234.9,8,1331.63,0.2
2023-07-18,West,Furniture,Sofas,2414.94,3,-148.69,0.2
2023-07-19,North,Office Supplies,Binders,2240.1,7,333.48,0.3
2023-07-19,North,Apparel,Jeans,537.85,9,30.18,0.3
2023-07-19,North,Furniture,Chairs,4219.96,3,278.73,0.2
2023-07-19,South,Office Supplies,Paper,2094.66,6,382.32,0.3
2023-07-19,North,Electronics,Cameras,1453.16,1,493.95,0.2
2023-07-21,West,Apparel,Jeans,93.29,2,7.46,0.1
2023-07-23,East,Electronics,Smartphones,750.76,5,241.38,0.0
2023-07-23,North,Electronics,Smartphones,446.45,10,98.39,0.2
2023-07-23,North,Electronics,Headphones,4971.09,8,1086.6,0.1
2023-07-25,East,Electronics,Smartphones,4332.91,5,1456.97,0.1
2023-07-26,West,Electronics,Cameras,641.27,5,78.99,0.2
2023-07-26,Central,Furniture,Sofas,4141.55,5,493.07,0.2
2023-07-27,West,Apparel,Shoes,3215.06,2,392.77,0.1
2023-07-27,North,Electronics,Cameras,4998.05,5,286.36,0.2
2023-07-27,North,Apparel,Shoes,2072.76,2,291.05,0.3
2023-07-27,Central,Furniture,Tables,2264.72,1,-175.18,0.1
2023-07-28,East,Furniture,Beds,1720.76,6,180.08,0.3
2023-07-28,East,Office Supplies,Paper,3572.44,5,527.53,0.3
2023-07-29,North,Electronics,Laptops,2815.84,4,901.8,0.3
2023-07-31,North,Office Supplies,Binders,1407.66,9,178.52,0.1
2023-08-01,East,Electronics,Cameras,3415.98,6,313.02,0.3
2023-08-01,East,Apparel,Shoes,3813.69,9,1081.74,0.0
2023-08-02,East,Office Supplies,Paper,3713.84,6,654.08,0.3
2023-08-02,South,Furniture,Chairs,441.05,6,-8.48,0.0
2023-08-02,Central,Apparel,T-shirts,681.86,1,130.65,0.3
2023-08-04,South,Office Supplies,Pens,4388.44,4,808.52,0.0
2023-08-04,West,Apparel,Jeans,1530.03,3,557.84,0.1
2023-08-04,South,Office Supplies,Paper,1490.68,5,541.28,0.1
2023-08-05,West,Electronics,Smartphones,1981.71,2,123.17,0.2
2023-08-05,Central,Furniture,Sofas,1197.91,8,23.51,0.1
2023-08-06,East,Furniture,Chairs,1498.76,1,-8.08,0.1
2023-08-06,West,Furniture,Beds,3315.1,2,183.34,0.2
2023-08-06,South,Apparel,Jackets,738.12,1,103.98,0.0
2023-08-07,Central,Office Supplies,Paper,2029.02,4,212.97,0.3
2023-08-07,West,Electronics,Headphones,3287.39,9,1071.34,0.3
2023-08-08,Central,Apparel,Jeans,3035.14,10,914.64,0.2
2023-08-08,East,Office Supplies,Envelopes,1553.48,9,138.4,0.0
2023-08-09,East,Apparel,Shoes,4261.35,1,996.68,0.1
2023-08-09,South,Furniture,Chairs,3289.85,5,355.58,0.2
2023-08-10,North,Office Supplies,Paper,2367.45,10,588.63,0.2
2023-08-11,South,Electronics,Laptops,3795.17,1,685.41,0.3
2023-08-12,North,Office Supplies,Binders,816.37,9,307.08,0.1
2023-08-13,South,Office Supplies,Paper,983.11,1,121.98,0.1
2023-08-13,Central,Apparel,Shoes,618.55,7,133.83,0.3
2023-08-15,South,Furniture,Beds,1678.78,8,-126.37,0.3
2023-08-16,North,Apparel,Jeans,561.39,1,49.13,0.0
2023-08-16,South,Office Supplies,Paper,3939.08,4,768.01,0.0
2023-08-16,North,Office Supplies,Paper,3696.42,8,1434.11,0.0
2023-08-16,North,Furniture,Chairs,3242.71,4,312.93,0.3
2023-08-17,East,Furniture,Tables,4321.16,1,4.08,0.1
2023-08-17,South,Furniture,Chairs,3892.74,4,234.73,0.0
2023-08-17,West,Electronics,Laptops,3086.06,10,785.18,0.2
2023-08-17,North,Furniture,Sofas,2125.98,10,-162.46,0.2
2023-08-18,Central,Electronics,Smartphones,4991.71,4,1758.38,0.3
2023-08-20,East,Electronics,Headphones,3993.06,7,808.8,0.3
2023-08-21,East,Furniture,Tables,3117.87,6,533.96,0.2
2023-08-22,Central,Electronics,Laptops,3342.9,10,387.21,0.0
2023-08-22,South,Office Supplies,Paper,1536.47,8,135.39,0.3
2023-08-24,East,Electronics,Headphones,923.58,7,338.26,0.3
2023-08-25,South,Office Supplies,Binders,607.62,7,152.58,0.2
2023-08-25,South,Electronics,Cameras,698.29,3,126.15,0.2
2023-08-27,North,Furniture,Chairs,630.57,6,99.43,0.2
2023-08-28,East,Furniture,Beds,1982.11,1,59.19,0.1
2023-08-29,South,Furniture,Sofas,4898.33,10,115.98,0.3
2023-08-29,East,Office Supplies,Envelopes,4997.75,5,1965.96,0.3
2023-08-31,East,Apparel,Shoes,347.77,5,58.94,0.0
2023-09-02,South,Electronics,Headphones,559.78,10,167.5,0.0
2023-09-02,North,Apparel,Jeans,1189.79,4,159.19,0.2
2023-09-02,Central,Electronics,Smartphones,1628.87,10,475.9,0.3
2023-09-02,Central,Apparel,T-shirts,4966.52,3,419.91,0.2
2023-09-03,North,Electronics,Headphones,3155.25,3,431.57,0.2
2023-09-04,East,Furniture,Chairs,692.82,9,-59.75,0.3
2023-09-05,North,Electronics,Cameras,615.48,2,87.17,0.0
2023-09-07,West,Electronics,Smartphones,2028.44,5,286.55,0.1
2023-09-07,South,Office Supplies,Paper,4965.36,10,426.82,0.2
2023-09-07,West,Furniture,Tables,991.06,7,-54.67,0.0
2023-09-09,South,Electronics,Cameras,4855.79,8,1907.81,0.0
2023-09-12,South,Furniture,Chairs,3039.05,2,230.9,0.3
2023-09-12,Central,Electronics,Laptops,4701.57,4,1348.3,0.2
2023-09-14,East,Office Supplies,Paper,2954.18,4,1098.75,0.0
2023-09-16,West,Furniture,Sofas,2121.1,4,-92.38,0.0
2023-09-17,North,Office Supplies,Pens,990.73,9,107.29,0.3
2023-09-17,South,Electronics,Cameras,2651.99,10,398.44,0.0
2023-09-18,East,Electronics,Smartphones,109.3,6,43.08,0.1
2023-09-18,South,Electronics,Smartphones,4072.74,6,269.45,0.0
2023-09-19,South,Apparel,Jackets,673.92,2,51.55,0.3
2023-09-19,Central,Furniture,Sofas,677.15,1,31.25,0.3
2023-09-19,South,Furniture,Tables,164.47,8,-5.81,0.0
2023-09-19,Central,Furniture,Tables,1586.73,5,-126.56,0.0
2023-09-19,West,Apparel,Jackets,4296.12,9,1258.37,0.2
2023-09-20,North,Furniture,Chairs,1068.41,4,30.07,0.0
2023-09-20,Central,Office Supplies,Pens,1322.95,3,169.4,0.0
2023-09-20,East,Furniture,Tables,3772.0,10,-269.88,0.0
2023-09-21,North,Electronics,Laptops,1415.54,4,372.23,0.0
2023-09-21,East,Apparel,T-shirts,1238.39,6,332.41,0.0
2023-09-21,West,Electronics,Headphones,1658.95,4,357.95,0.3
2023-09-23,South,Office Supplies,Pens,2682.22,10,969.36,0.2
2023-09-24,East,Apparel,Jackets,3693.72,9,1309.35,0.0
2023-09-25,West,Electronics,Headphones,2754.02,7,852.3,0.3
2023-09-26,East,Apparel,T-shirts,976.89,3,51.42,0.0
2023-09-26,South,Apparel,T-shirts,2138.26,9,847.97,0.0
2023-09-26,South,Office Supplies,Binders,2058.03,3,778.57,0.3
2023-09-27,North,Furniture,Tables,2330.71,9,-215.28,0.1
2023-09-27,Central,Electronics,Smartphones,1285.04,5,295.75,0.2
2023-09-27,North,Apparel,Shoes,3120.07,2,364.54,0.3
2023-09-28,North,Apparel,T-shirts,2761.76,6,386.97,0.1
2023-09-29,South,Apparel,Shoes,3976.74,4,228.06,0.3
2023-10-01,West,Electronics,Laptops,3702.09,10,1329.01,0.2
2023-10-01,East,Apparel,Jackets,2705.75,2,989.54,0.0
2023-10-03,South,Furniture,Chairs,1157.42,5,193.62,0.0
2023-10-04,West,Office Supplies,Envelopes,2887.46,2,1046.95,0.1
2023-10-05,North,Furniture,Beds,797.57,8,-14.04,0.2
2023-10-05,Central,Electronics,Laptops,2262.85,9,518.77,0.3
2023-10-05,North,Furniture,Beds,2941.39,5,519.46,0.2
2023-10-06,Central,Apparel,Jeans,1040.68,3,80.62,0.2
2023-10-06,North,Apparel,Shoes,1113.78,5,346.99,0.3
2023-10-06,South,Office Supplies,Paper,4594.78,2,1791.03,0.3
2023-10-07,East,Furniture,Beds,1882.39,10,228.02,0.3
2023-10-07,North,Furniture,Chairs,2736.79,8,-30.11,0.2
2023-10-08,Central,Furniture,Sofas,3196.84,3,572.17,0.1
2023-10-08,South,Electronics,Cameras,3767.78,8,803.55,0.0
2023-10-08,East,Electronics,Headphones,1566.0,4,158.57,0.2
2023-10-09,North,Apparel,Shoes,260.56,9,25.98,0.2
2023-10-12,West,Electronics,Cameras,3697.37,7,981.22,0.0
2023-10-12,East,Furniture,Beds,4143.36,1,356.07,0.2
2023-10-12,Central,Apparel,T-shirts,2666.24,4,370.7,0.0
2023-10-13,South,Office Supplies,Binders,2799.77,6,541.39,0.0
2023-10-17,North,Apparel,Jeans,68.21,1,14.91,0.2
2023-10-17,South,Electronics,Cameras,2980.55,9,403.17,0.2
2023-10-18,North,Electronics,Cameras,2033.03,5,349.69,0.3
2023-10-18,North,Furniture,Tables,2021.69,4,227.05,0.1
2023-10-19,West,Furniture,Beds,1420.03,3,10.8,0.3
2023-10-19,North,Furniture,Chairs,1273.65,5,-79.51,0.3
2023-10-19,Central,Office Supplies,Envelopes,2610.11,10,242.16,0.0
2023-10-19,East,Apparel,T-shirts,4997.89,2,530.67,0.0
2023-10-20,Central,Furniture,Chairs,4895.96,8,-474.08,0.1
2023-10-21,West,Furniture,Chairs,3523.2,4,537.36,0.0
2023-10-21,South,Furniture,Beds,3588.34,1,287.21,0.0
2023-10-22,East,Apparel,T-shirts,4242.1,3,654.99,0.2
2023-10-22,Central,Electronics,Laptops,1212.41,4,70.43,0.3
2023-10-22,South,Office Supplies,Envelopes,476.61,4,26.09,0.2
2023-10-23,West,Apparel,Jackets,3408.17,3,269.3,0.3
2023-10-24,East,Furniture,Chairs,251.06,8,32.95,0.2
2023-10-25,North,Apparel,Jeans,323.81,9,65.46,0.1
2023-10-28,South,Electronics,Cameras,4912.39,2,1756.88,0.1
2023-10-29,North,Office Supplies,Binders,487.45,2,27.15,0.0
2023-10-29,North,Electronics,Cameras,979.89,9,378.06,0.1
2023-10-30,East,Furniture,Chairs,2729.1,7,345.99,0.0
2023-10-31,South,Electronics,Headphones,2648.14,7,878.63,0.2
2023-11-03,North,Apparel,Jeans,393.46,10,55.87,0.3
2023-11-03,Central,Electronics,Headphones,4240.13,10,893.23,0.1
2023-11-05,East,Furniture,Sofas,4168.81,7,153.55,0.2
2023-11-06,East,Office Supplies,Envelopes,399.87,7,77.89,0.2
2023-11-07,West,Furniture,Tables,4680.47,7,162.72,0.1
2023-11-08,East,Office Supplies,Envelopes,1793.87,4,318.0,0.3
2023-11-09,Central,Office Supplies,Binders,3345.2,4,1271.6,0.1
2023-11-09,East,Office Supplies,Paper,2762.47,6,638.88,0.1
2023-11-09,North,Electronics,Headphones,3744.96,9,602.83,0.2
2023-11-10,Central,Electronics,Smartphones,891.68,5,134.17,0.1
2023-11-10,North,Office Supplies,Paper,175.95,4,43.42,0.0
2023-11-11,Central,Office Supplies,Binders,3277.53,4,350.56,0.2
2023-11-12,West,Apparel,T-shirts,498.56,2,65.59,0.0
2023-11-12,West,Office Supplies,Binders,2101.02,3,624.73,0.1
2023-11-12,West,Apparel,Shoes,1428.44,1,246.66,0.3
2023-11-12,Central,Apparel,T-shirts,2258.11,10,438.41,0.1
2023-11-12,South,Electronics,Headphones,4640.31,1,694.84,0.1
2023-11-13,East,Apparel,Jeans,1961.69,9,110.26,0.0
2023-11-13,South,Office Supplies,Envelopes,4342.61,7,982.7,0.3
2023-11-15,East,Apparel,Jackets,540.58,3,143.55,0.0
2023-11-15,North,Apparel,T-shirts,1414.94,10,339.27,0.2
2023-11-16,West,Furniture,Chairs,2321.45,5,-167.57,0.0
2023-11-16,South,Electronics,Smartphones,63.86,10,20.03,0.3
2023-11-18,Central,Office Supplies,Envelopes,397.96,5,149.81,0.3
2023-11-19,West,Apparel,Jackets,4699.35,5,1587.96,0.2
2023-11-20,North,Apparel,T-shirts,2433.7,10,875.53,0.2
2023-11-21,Central,Office Supplies,Binders,626.47,1,181.69,0.2
2023-11-21,North,Office Supplies,Binders,3305.05,5,720.01,0.3
2023-11-23,West,Office Supplies,Envelopes,4461.83,10,1081.8,0.2
2023-11-23,East,Office Supplies,Binders,3415.55,10,198.0,0.2
2023-11-23,Central,Furniture,Tables,3571.1,4,-34.41,0.1
2023-11-24,West,Electronics,Smartphones,3952.53,1,235.98,0.3
2023-11-24,East,Office Supplies,Envelopes,2766.65,5,726.42,0.0
2023-11-26,East,Apparel,Jeans,4995.99,6,1327.28,0.3
2023-11-26,North,Electronics,Cameras,3938.32,5,1039.17,0.0
2023-11-26,East,Apparel,Jeans,4299.87,9,1196.66,0.0
2023-11-27,South,Office Supplies,Paper,2424.71,3,563.81,0.2
2023-11-28,East,Furniture,Beds,20.95,3,-1.35,0.3
2023-11-28,Central,Office Supplies,Paper,4950.54,8,1384.03,0.2
2023-11-29,Central,Electronics,Laptops,3111.84,4,849.56,0.3
2023-12-04,North,Apparel,Jeans,4991.3,8,1784.61,0.3
2023-12-05,Central,Apparel,Jackets,4592.5,8,673.33,0.1
2023-12-06,South,Office Supplies,Pens,2286.66,8,886.57,0.0
2023-12-07,West,Electronics,Laptops,1941.93,9,446.29,0.0
2023-12-10,South,Electronics,Laptops,361.44,10,131.33,0.2
2023-12-10,East,Furniture,Chairs,4059.28,6,34.22,0.2
2023-12-11,Central,Furniture,Beds,2328.73,8,-222.95,0.1
2023-12-11,East,Apparel,T-shirts,1327.0,6,480.42,0.1
2023-12-12,West,Office Supplies,Paper,3152.71,8,369.21,0.1
2023-12-12,Central,Furniture,Chairs,1868.88,6,-109.86,0.0
2023-12-13,North,Electronics,Smartphones,2861.18,1,872.75,0.0
2023-12-13,South,Electronics,Smartphones,3110.19,6,990.31,0.0
2023-12-14,North,Electronics,Smartphones,1727.87,6,253.99,0.3
2023-12-16,South,Office Supplies,Pens,1718.59,7,655.12,0.1
2023-12-17,Central,Electronics,Cameras,2982.51,6,705.01,0.2
2023-12-17,North,Office Supplies,Envelopes,570.09,3,201.58,0.1
2023-12-18,Central,Office Supplies,Pens,2939.86,8,1057.52,0.1
2023-12-18,South,Office Supplies,Paper,1388.71,9,120.14,0.1
2023-12-20,East,Office Supplies,Paper,901.22,3,285.45,0.0
2023-12-20,North,Apparel,Shoes,3744.85,5,303.62,0.2
2023-12-21,East,Apparel,Jeans,1503.64,2,297.17,0.1
2023-12-24,Central,Furniture,Chairs,4432.09,9,577.79,0.2
2023-12-25,North,Apparel,T-shirts,2531.08,9,990.82,0.2
2023-12-26,South,Apparel,Jackets,1923.07,1,396.15,0.2
2023-12-27,North,Furniture,Sofas,472.3,3,-16.28,0.2
2023-12-27,North,Apparel,Jeans,263.14,8,14.85,0.0
2023-12-28,South,Furniture,Chairs,4951.92,2,277.72,0.1
2023-12-28,East,Furniture,Chairs,2323.39,5,38.52,0.2
2023-12-29,South,Furniture,Beds,3158.49,8,608.67,0.3
2023-12-29,South,Electronics,Cameras,3223.15,3,1288.92,0.3
2023-12-29,South,Apparel,Jackets,1661.69,9,285.22,0.1
2023-12-31,West,Furniture,Sofas,3942.37,2,336.43,0.3
2023-12-31,East,Furniture,Sofas,3451.87,3,-2.5,0.3
2024-01-01,North,Office Supplies,Binders,4747.74,2,1639.11,0.1
2024-01-01,Central,Office Supplies,Binders,2445.48,2,959.13,0.2
2024-01-01,South,Office Supplies,Binders,3412.42,1,200.11,0.3
2024-01-02,East,Apparel,Jeans,3899.27,7,1438.97,0.3
2024-01-02,North,Furniture,Tables,942.0,9,46.27,0.2
2024-01-04,North,Apparel,T-shirts,2670.66,2,1028.89,0.1
2024-01-04,North,Apparel,Jeans,1275.95,3,474.04,0.0
2024-01-06,East,Apparel,Jackets,3113.74,8,777.86,0.3
2024-01-06,North,Electronics,Cameras,3435.34,6,693.85,0.0
2024-01-07,Central,Office Supplies,Binders,2435.83,1,299.35,0.1
2024-01-07,South,Electronics,Laptops,4075.54,10,1555.4,0.2
2024-01-07,South,Office Supplies,Paper,2427.98,1,151.55,0.2
2024-01-07,North,Office Supplies,Envelopes,4972.66,10,1665.92,0.1
2024-01-08,Central,Furniture,Beds,742.87,8,127.79,0.2
2024-01-08,North,Electronics,Smartphones,331.65,2,95.01,0.0
2024-01-08,South,Office Supplies,Binders,3313.58,5,373.41,0.3
2024-01-09,Central,Apparel,T-shirts,1112.28,2,392.88,0.3
2024-01-10,South,Office Supplies,Paper,3668.0,10,715.94,0.1
2024-01-11,North,Electronics,Laptops,4251.48,8,1638.74,0.1
2024-01-11,South,Electronics,Laptops,2772.11,5,695.17,0.2
2024-01-12,South,Apparel,Shoes,2942.29,10,963.04,0.2
2024-01-12,East,Furniture,Chairs,3717.23,8,-112.66,0.2
2024-01-12,West,Office Supplies,Binders,510.5,6,133.92,0.3
2024-01-12,South,Office Supplies,Paper,259.22,6,52.23,0.1
2024-01-13,West,Furniture,Sofas,3615.97,10,637.01,0.1
2024-01-13,East,Furniture,Beds,3456.46,9,398.1,0.2
2024-01-14,South,Apparel,Jackets,3820.41,1,1145.62,0.3
2024-01-15,North,Electronics,Cameras,4099.62,7,451.19,0.1
2024-01-17,Central,Office Supplies,Envelopes,2415.88,10,358.48,0.3
2024-01-17,Central,Office Supplies,Binders,2386.22,6,885.37,0.1
2024-01-17,North,Office Supplies,Binders,2848.52,5,1002.9,0.2
2024-01-17,West,Electronics,Cameras,3265.41,7,714.47,0.1
2024-01-17,Central,Office Supplies,Pens,2249.58,1,276.89,0.3
2024-01-18,South,Electronics,Laptops,2945.75,4,235.88,0.2
2024-01-19,North,Electronics,Smartphones,3083.83,9,629.2,0.1
2024-01-20,West,Furniture,Beds,3220.06,5,-260.8,0.1
2024-01-21,North,Furniture,Beds,2538.39,8,363.17,0.1
2024-01-21,East,Electronics,Smartphones,1540.89,8,99.96,0.0
2024-01-23,Central,Apparel,T-shirts,4648.92,5,232.62,0.0
2024-01-26,Central,Apparel,Shoes,2606.02,5,518.66,0.1
2024-01-27,East,Office Supplies,Binders,2356.14,10,538.73,0.0
2024-01-29,North,Electronics,Smartphones,3053.93,7,429.98,0.0
2024-01-29,North,Electronics,Laptops,3595.42,7,1050.59,0.1
2024-01-30,North,Office Supplies,Pens,933.09,2,175.89,0.1
2024-01-31,South,Apparel,Shoes,1229.25,2,209.23,0.2
2024-02-01,Central,Apparel,Jeans,1017.87,4,303.27,0.2
2024-02-01,South,Furniture,Chairs,4714.51,4,729.43,0.2
2024-02-03,East,Apparel,Jackets,422.59,2,76.16,0.1
2024-02-06,Central,Electronics,Cameras,1041.66,9,197.8,0.1
2024-02-06,North,Apparel,Jeans,4692.89,7,541.57,0.2
2024-02-06,North,Apparel,Shoes,1683.73,5,482.93,0.3
2024-02-07,East,Electronics,Headphones,1663.05,7,367.1,0.2
2024-02-08,East,Office Supplies,Paper,3548.85,7,454.99,0.2
2024-02-08,South,Electronics,Laptops,3741.41,10,358.83,0.0
2024-02-09,South,Electronics,Cameras,3088.94,3,1182.66,0.0
2024-02-10,West,Electronics,Laptops,81.23,10,6.76,0.2
2024-02-12,South,Apparel,Jeans,4139.81,5,720.0,0.2
2024-02-12,South,Electronics,Headphones,258.89,9,50.41,0.2
2024-02-12,West,Office Supplies,Envelopes,3238.93,9,563.35,0.3
2024-02-18,North,Office Supplies,Envelopes,4214.86,6,371.15,0.2
2024-02-18,West,Apparel,Jackets,2650.77,7,323.18,0.3
2024-02-19,West,Apparel,Jackets,241.66,6,77.79,0.1
2024-02-20,West,Apparel,T-shirts,3933.22,9,594.26,0.3
2024-02-20,Central,Electronics,Cameras,2204.92,1,567.13,0.0
2024-02-21,Central,Furniture,Tables,1544.11,2,235.07,0.2
2024-02-21,East,Furniture,Tables,1611.85,3,277.67,0.3
2024-02-21,South,Electronics,Headphones,4551.54,5,1216.42,0.0
2024-02-21,North,Apparel,Jeans,726.42,8,257.7,0.3
2024-02-22,North,Office Supplies,Envelopes,4896.09,7,1795.68,0.0
2024-02-23,South,Furniture,Beds,3153.15,3,520.22,0.1
2024-02-23,South,Office Supplies,Binders,3739.04,10,1307.26,0.1
2024-02-24,Central,Office Supplies,Paper,1705.79,8,367.31,0.0
2024-02-24,North,Furniture,Sofas,503.94,2,51.55,0.0
2024-02-26,West,Electronics,Cameras,4747.49,4,1653.01,0.3
2024-02-28,West,Apparel,Jeans,2531.92,4,210.4,0.1
2024-02-28,North,Office Supplies,Envelopes,3613.13,8,1028.19,0.1
2024-02-28,East,Electronics,Cameras,849.88,8,44.75,0.2
2024-02-29,West,Apparel,T-shirts,4728.72,5,1522.95,0.1
2024-03-01,West,Furniture,Beds,4439.64,6,-3.01,0.1
2024-03-02,South,Furniture,Chairs,4803.88,6,90.89,0.1
2024-03-02,North,Electronics,Laptops,3456.61,3,698.57,0.0
2024-03-02,Central,Electronics,Laptops,3776.7,8,460.16,0.1
2024-03-03,East,Furniture,Tables,3638.89,7,441.58,0.2
2024-03-03,West,Furniture,Sofas,255.66,9,-25.2,0.3
2024-03-03,East,Furniture,Beds,2111.0,1,38.91,0.1
2024-03-04,North,Office Supplies,Binders,1519.53,7,341.83,0.0
2024-03-04,East,Apparel,Shoes,3677.94,9,687.86,0.3
2024-03-06,East,Apparel,Shoes,3080.07,1,867.13,0.0
2024-03-07,West,Electronics,Cameras,4353.02,7,1667.23,0.1
2024-03-08,West,Office Supplies,Paper,3637.07,1,194.56,0.3
2024-03-08,South,Apparel,Jackets,578.33,1,175.4,0.2
2024-03-08,East,Furniture,Chairs,4594.32,6,614.21,0.2
2024-03-10,Central,Furniture,Sofas,3300.16,3,254.58,0.3
2024-03-10,West,Electronics,Laptops,4732.7,5,1223.14,0.1
2024-03-11,Central,Apparel,T-shirts,4393.16,6,687.33,0.2
2024-03-11,Central,Electronics,Cameras,4768.73,6,1671.7,0.1
2024-03-14,West,Apparel,Jackets,1315.65,7,184.58,0.0
2024-03-15,North,Apparel,Jackets,4806.79,8,685.66,0.1
2024-03-15,East,Office Supplies,Paper,3370.72,4,852.27,0.2
2024-03-16,West,Furniture,Sofas,605.61,5,110.92,0.1
2024-03-17,North,Apparel,Shoes,1435.73,1,163.52,0.1
2024-03-19,East,Furniture,Chairs,2838.92,7,22.67,0.2
2024-03-19,East,Furniture,Sofas,1741.03,1,-98.41,0.0
2024-03-20,West,Electronics,Cameras,724.35,6,73.45,0.2
2024-03-21,East,Office Supplies,Pens,4893.48,6,1623.36,0.3
2024-03-25,West,Furniture,Tables,4647.75,5,-142.16,0.1
2024-03-25,East,Office Supplies,Paper,4223.87,5,819.73,0.0
2024-03-26,West,Furniture,Sofas,3123.39,2,497.76,0.3
2024-03-27,Central,Furniture,Tables,897.17,5,-61.73,0.3
2024-03-29,Central,Furniture,Beds,1416.41,7,121.28,0.2
2024-03-30,East,Electronics,Headphones,482.4,9,39.79,0.0
2024-03-30,West,Electronics,Smartphones,1364.1,8,223.75,0.1
2024-03-30,South,Furniture,Chairs,1198.73,6,199.49,0.2
2024-03-30,West,Office Supplies,Paper,1480.5,6,150.51,0.0
2024-04-01,South,Electronics,Smartphones,347.35,4,117.82,0.0
2024-04-03,South,Furniture,Chairs,4511.59,4,237.69,0.2
2024-04-03,East,Electronics,Headphones,368.66,2,138.9,0.3
2024-04-03,North,Apparel,Shoes,4189.02,5,1418.04,0.1
2024-04-04,West,Furniture,Sofas,1382.81,10,-57.55,0.3
2024-04-05,West,Office Supplies,Envelopes,1795.86,7,485.67,0.3
2024-04-05,North,Apparel,Jeans,2558.99,5,1012.17,0.3
2024-04-05,West,Office Supplies,Envelopes,1164.05,3,224.83,0.0
2024-04-06,West,Apparel,Jeans,4914.01,9,1779.96,0.3
2024-04-06,South,Electronics,Cameras,2756.27,9,1030.03,0.0
2024-04-06,South,Office Supplies,Paper,4449.18,5,1040.93,0.1
2024-04-07,North,Apparel,Shoes,3200.46,2,235.61,0.0
2024-04-07,North,Office Supplies,Envelopes,1283.32,5,288.76,0.0
2024-04-07,North,Apparel,Jeans,2422.84,8,758.3,0.0
2024-04-08,Central,Apparel,Jackets,2820.61,2,630.9,0.3
2024-04-08,East,Electronics,Cameras,1017.04,2,397.76,0.1
2024-04-09,Central,Apparel,T-shirts,644.51,6,178.33,0.3
2024-04-09,South,Furniture,Sofas,1778.37,7,-163.44,0.2
2024-04-10,South,Furniture,Chairs,1253.81,6,151.36,0.1
2024-04-10,North,Electronics,Headphones,429.39,4,159.5,0.2
2024-04-12,Central,Apparel,Shoes,357.69,6,24.1,0.2
2024-04-13,Central,Apparel,T-shirts,532.82,7,179.0,0.0
2024-04-13,Central,Apparel,T-shirts,4052.2,10,985.58,0.0
2024-04-14,South,Office Supplies,Envelopes,1809.09,5,698.79,0.2
2024-04-15,South,Electronics,Smartphones,2541.69,2,901.43,0.0
2024-04-15,North,Apparel,Shoes,307.67,6,61.41,0.0
2024-04-16,North,Electronics,Headphones,4580.76,4,1253.37,0.1
2024-04-16,North,Electronics,Headphones,3054.46,5,513.93,0.2
2024-04-16,North,Electronics,Cameras,1886.16,9,718.89,0.0
2024-04-17,West,Apparel,T-shirts,514.19,9,33.37,0.0
2024-04-17,South,Office Supplies,Binders,3471.88,8,1150.15,0.0
2024-04-17,East,Office Supplies,Paper,2072.03,5,385.81,0.2
2024-04-18,East,Electronics,Headphones,2694.07,3,991.27,0.3
2024-04-18,West,Furniture,Chairs,4553.61,2,854.4,0.2
2024-04-18,Central,Furniture,Chairs,3906.92,6,-121.21,0.0
2024-04-19,East,Office Supplies,Binders,1238.04,8,309.81,0.2
2024-04-20,Central,Electronics,Laptops,270.31,4,68.53,0.3
2024-04-21,West,Office Supplies,Binders,4876.91,8,479.84,0.1
2024-04-22,East,Apparel,T-shirts,2840.83,4,710.39,0.2
2024-04-22,East,Furniture,Chairs,1691.22,3,250.82,0.3
2024-04-22,East,Apparel,Jackets,1023.79,10,319.53,0.3
2024-04-23,West,Apparel,Jackets,174.35,8,51.42,0.1
2024-04-24,North,Furniture,Chairs,3964.84,4,-66.33,0.3
2024-04-27,North,Apparel,Shoes,26.87,6,10.08,0.0
2024-04-27,East,Furniture,Chairs,3537.88,9,381.19,0.0
2024-04-27,South,Electronics,Laptops,2965.5,1,181.89,0.0
2024-04-27,North,Apparel,Jackets,2411.56,7,658.47,0.2
2024-04-27,South,Apparel,Jeans,1942.93,6,485.92,0.1
2024-04-27,Central,Furniture,Sofas,2353.14,9,-113.2,0.1
2024-04-27,North,Apparel,T-shirts,2516.49,1,146.32,0.1
2024-04-28,North,Apparel,Jackets,4994.45,2,1900.05,0.0
2024-04-29,West,Electronics,Laptops,413.72,10,43.2,0.2
2024-04-30,North,Furniture,Sofas,4588.56,9,-120.67,0.1
2024-04-30,East,Office Supplies,Binders,492.31,10,88.55,0.2
2024-05-01,North,Office Supplies,Paper,1402.4,2,519.14,0.1
2024-05-01,South,Furniture,Chairs,3741.86,1,610.59,0.0
2024-05-04,South,Furniture,Sofas,2104.02,6,280.63,0.2
2024-05-04,East,Office Supplies,Binders,2264.2,7,788.81,0.3
2024-05-06,East,Office Supplies,Pens,3215.85,2,1107.21,0.3
2024-05-08,Central,Furniture,Beds,2648.73,7,-82.67,0.1
2024-05-08,North,Electronics,Laptops,2416.3,5,647.25,0.0
2024-05-08,West,Apparel,Jackets,3064.25,6,274.26,0.2
2024-05-10,West,Furniture,Sofas,4377.77,1,544.24,0.3
2024-05-12,East,Office Supplies,Envelopes,3583.08,10,218.68,0.3
2024-05-12,South,Electronics,Smartphones,4320.67,6,973.57,0.3
2024-05-13,Central,Office Supplies,Paper,4234.35,6,1121.71,0.2
2024-05-14,North,Electronics,Laptops,4928.83,10,749.5,0.0
2024-05-14,East,Furniture,Chairs,1805.49,4,-12.79,0.1
2024-05-14,South,Electronics,Cameras,2458.47,7,686.49,0.3
2024-05-14,Central,Apparel,Shoes,3496.77,1,1353.2,0.1
2024-05-16,West,Apparel,T-shirts,381.57,8,114.75,0.1
2024-05-17,East,Furniture,Tables,1009.01,8,-98.47,0.1
2024-05-18,East,Office Supplies,Paper,4342.79,7,640.64,0.2
2024-05-19,West,Furniture,Beds,2611.38,9,-87.11,0.0
2024-05-20,East,Apparel,Shoes,4195.28,6,1350.32,0.0
2024-05-21,South,Electronics,Laptops,316.63,1,58.87,0.2
2024-05-21,North,Apparel,T-shirts,2392.36,8,522.26,0.1
2024-05-22,West,Furniture,Beds,114.14,8,-2.57,0.2
2024-05-24,East,Office Supplies,Paper,3790.87,7,1151.05,0.1
2024-05-24,South,Office Supplies,Envelopes,987.9,7,119.61,0.0
2024-05-25,Central,Electronics,Cameras,918.68,8,136.37,0.1
2024-05-25,Central,Electronics,Smartphones,932.07,4,326.91,0.0
2024-05-26,East,Office Supplies,Paper,2991.64,7,1033.52,0.0
2024-05-27,North,Furniture,Chairs,2113.16,9,305.82,0.0
2024-05-28,North,Office Supplies,Envelopes,2273.63,4,403.12,0.3
2024-05-28,East,Electronics,Cameras,1272.75,7,228.03,0.2
2024-05-28,North,Office Supplies,Paper,230.45,5,35.08,0.1
2024-05-29,Central,Furniture,Beds,3659.06,3,-199.43,0.1
2024-05-30,West,Furniture,Beds,4143.08,9,592.7,0.0
2024-05-31,South,Apparel,Jackets,889.6,5,155.65,0.2
2024-06-01,Central,Furniture,Chairs,1889.77,7,307.55,0.0
2024-06-01,South,Electronics,Headphones,4641.31,7,1021.77,0.3
2024-06-02,East,Furniture,Tables,491.68,7,-17.52,0.3
2024-06-04,East,Furniture,Chairs,3352.87,2,120.88,0.2
2024-06-05,West,Furniture,Tables,790.37,7,-17.72,0.0
2024-06-05,West,Apparel,Shoes,712.44,10,177.66,0.1
2024-06-05,North,Electronics,Smartphones,2916.95,10,957.05,0.0
2024-06-06,West,Furniture,Tables,1607.26,9,-112.17,0.1
2024-06-07,West,Office Supplies,Paper,4064.2,3,705.73,0.0
2024-06-08,Central,Furniture,Tables,3757.42,6,345.55,0.1
2024-06-09,South,Electronics,Laptops,3264.47,10,568.09,0.1
2024-06-10,Central,Furniture,Sofas,4197.33,10,384.16,0.0
2024-06-11,South,Electronics,Cameras,4646.4,8,1089.64,0.2
2024-06-14,North,Apparel,Shoes,895.98,2,344.59,0.2
2024-06-16,North,Electronics,Smartphones,19.71,4,1.88,0.1
2024-06-16,West,Furniture,Beds,695.81,2,129.33,0.3
2024-06-18,East,Office Supplies,Envelopes,2529.47,3,476.95,0.0
2024-06-19,West,Apparel,T-shirts,1574.97,9,194.82,0.3
2024-06-19,Central,Office Supplies,Binders,237.83,1,55.42,0.0
2024-06-20,East,Furniture,Tables,4352.72,10,311.15,0.2
2024-06-21,North,Furniture,Chairs,1994.86,3,171.65,0.1
2024-06-22,West,Electronics,Headphones,190.13,2,60.06,0.2
2024-06-23,West,Furniture,Tables,2176.96,3,384.98,0.2
2024-06-23,East,Apparel,T-shirts,4029.82,5,1558.32,0.0
2024-06-24,Central,Furniture,Chairs,4695.05,1,930.84,0.2
2024-06-24,South,Electronics,Smartphones,1986.17,9,781.15,0.2
2024-06-25,East,Office Supplies,Binders,2635.02,6,483.48,0.2
2024-06-25,East,Apparel,Shoes,850.55,6,261.92,0.0
2024-06-25,Central,Office Supplies,Pens,218.32,1,76.76,0.0
2024-06-26,North,Electronics,Cameras,3116.12,10,963.28,0.1
2024-06-26,East,Office Supplies,Envelopes,3769.39,7,215.33,0.1
2024-06-27,West,Furniture,Beds,3412.96,4,643.41,0.0
2024-06-28,West,Apparel,Jeans,3557.85,4,628.27,0.2
2024-06-30,South,Apparel,Shoes,4037.51,9,526.52,0.0
2024-06-30,Central,Apparel,Shoes,380.4,1,19.89,0.2
2024-07-01,Central,Electronics,Laptops,4708.97,5,1044.21,0.3
2024-07-01,West,Office Supplies,Paper,3862.51,7,949.01,0.2
2024-07-01,East,Apparel,T-shirts,4294.51,7,768.53,0.2
2024-07-01,South,Office Supplies,Pens,1769.73,8,661.88,0.2
2024-07-01,West,Office Supplies,Paper,4456.72,2,614.33,0.2
2024-07-01,North,Furniture,Tables,4673.63,5,355.31,0.0
2024-07-01,North,Furniture,Beds,1676.87,7,-79.39,0.1
2024-07-02,South,Furniture,Tables,862.42,10,-1.6,0.1
2024-07-04,Central,Office Supplies,Envelopes,575.75,10,65.25,0.1
2024-07-05,West,Furniture,Beds,1459.84,3,241.44,0.2
2024-07-05,East,Electronics,Laptops,1053.32,7,176.96,0.3
2024-07-06,North,Furniture,Chairs,4232.86,8,192.96,0.0
2024-07-07,West,Office Supplies,Paper,3875.67,6,801.96,0.2
2024-07-07,East,Office Supplies,Paper,2439.7,5,733.31,0.2
2024-07-08,Central,Electronics,Cameras,758.23,10,196.62,0.2
2024-07-09,West,Apparel,Jackets,348.6,8,101.59,0.1
2024-07-09,South,Office Supplies,Binders,3565.48,10,780.73,0.1
2024-07-10,South,Furniture,Tables,1656.65,2,63.44,0.3
2024-07-10,West,Apparel,Jackets,351.98,1,66.19,0.0
2024-07-10,West,Electronics,Laptops,2028.15,3,548.41,0.3
2024-07-10,West,Apparel,T-shirts,798.8,5,168.68,0.3
2024-07-11,West,Furniture,Beds,166.65,8,10.92,0.3
2024-07-11,Central,Office Supplies,Pens,983.23,5,151.25,0.3
2024-07-11,West,Apparel,T-shirts,1697.22,3,148.78,0.2
2024-07-14,West,Office Supplies,Paper,382.46,3,66.63,0.0
2024-07-15,West,Office Supplies,Pens,3459.39,5,903.04,0.3
2024-07-17,North,Electronics,Cameras,3347.67,7,338.26,0.2
2024-07-18,East,Furniture,Sofas,192.52,9,32.47,0.1
2024-07-19,Central,Office Supplies,Envelopes,3590.04,4,1084.72,0.0
2024-07-20,Central,Office Supplies,Pens,2281.4,9,170.98,0.3
2024-07-21,West,Furniture,Tables,2935.91,10,197.6,0.1
2024-07-21,Central,Furniture,Tables,1891.22,3,169.85,0.0
2024-07-21,West,Office Supplies,Binders,1532.47,8,273.5,0.1
2024-07-22,East,Furniture,Sofas,1868.94,6,27.98,0.0
2024-07-23,East,Furniture,Beds,4414.77,2,472.02,0.3
2024-07-23,Central,Apparel,Jackets,3780.6,9,1138.79,0.3
2024-07-24,South,Apparel,Jackets,4845.43,8,1460.55,0.0
2024-07-26,West,Furniture,Tables,2987.11,9,-49.15,0.1
2024-07-26,Central,Electronics,Smartphones,728.51,8,281.41,0.1
2024-07-27,North,Furniture,Sofas,4188.69,2,-325.45,0.2
2024-07-27,North,Office Supplies,Envelopes,4751.89,3,1178.6,0.2
2024-07-28,Central,Electronics,Cameras,2672.08,6,963.58,0.3
2024-07-28,East,Furniture,Chairs,691.03,7,-21.46,0.1
2024-07-29,West,Electronics,Headphones,4346.72,6,1082.02,0.2
2024-07-30,West,Apparel,Shoes,345.97,10,125.51,0.1
2024-07-31,South,Electronics,Laptops,2361.11,5,851.52,0.3
2024-08-01,Central,Electronics,Headphones,4940.71,9,1827.22,0.1
2024-08-01,East,Apparel,Shoes,1660.53,4,343.46,0.1
2024-08-01,South,Furniture,Tables,4074.52,3,220.61,0.1
2024-08-02,Central,Electronics,Laptops,4562.27,10,591.34,0.3
2024-08-02,East,Apparel,Jackets,208.2,3,27.18,0.3
2024-08-03,Central,Furniture,Tables,4770.31,8,-201.65,0.0
2024-08-04,Central,Furniture,Chairs,3160.2,2,424.9,0.0
2024-08-07,East,Office Supplies,Binders,901.5,2,122.36,0.3
2024-08-07,South,Electronics,Laptops,4317.73,1,1025.18,0.0
2024-08-08,North,Office Supplies,Paper,2688.7,5,1026.76,0.0
2024-08-09,South,Apparel,Jeans,3869.07,7,1427.84,0.1
2024-08-12,South,Furniture,Tables,3117.54,5,412.54,0.0
2024-08-12,West,Furniture,Beds,4539.05,8,522.41,0.3
2024-08-12,East,Office Supplies,Binders,4636.53,4,1695.51,0.3
2024-08-12,West,Office Supplies,Paper,850.0,9,294.57,0.1
2024-08-15,West,Apparel,Jeans,112.73,1,25.32,0.2
2024-08-16,West,Furniture,Tables,2174.27,3,48.83,0.0
2024-08-16,East,Office Supplies,Pens,3029.19,9,579.48,0.2
2024-08-17,Central,Apparel,T-shirts,3816.56,7,757.87,0.2
2024-08-19,Central,Apparel,Shoes,547.39,9,37.83,0.1
2024-08-19,West,Furniture,Tables,1051.33,9,-60.07,0.2
2024-08-20,Central,Furniture,Chairs,1420.41,3,-37.59,0.0
2024-08-20,South,Furniture,Chairs,4571.83,7,-240.28,0.1
2024-08-21,East,Office Supplies,Binders,3203.55,3,622.3,0.2
2024-08-21,North,Apparel,T-shirts,183.51,8,29.29,0.3
2024-08-22,South,Apparel,Jeans,203.93,1,16.78,0.0
2024-08-22,East,Office Supplies,Pens,224.49,4,84.72,0.1
2024-08-22,East,Furniture,Sofas,610.88,2,51.48,0.1
2024-08-24,East,Furniture,Chairs,2923.53,2,440.47,0.0
2024-08-24,West,Apparel,Shoes,2708.04,8,879.23,0.3
2024-08-25,North,Office Supplies,Envelopes,1592.08,3,548.54,0.0
2024-08-26,East,Electronics,Smartphones,3424.22,3,707.43,0.0
2024-08-27,West,Office Supplies,Binders,4524.93,4,1346.9,0.1
2024-08-28,Central,Office Supplies,Envelopes,4153.65,6,959.81,0.2
2024-08-29,East,Apparel,Jackets,3404.48,9,1053.47,0.0
2024-08-31,South,Furniture,Sofas,4355.83,8,-83.4,0.3
2024-08-31,South,Furniture,Beds,2418.14,2,420.74,0.2
2024-09-01,East,Furniture,Chairs,4244.28,2,637.08,0.2
2024-09-01,Central,Office Supplies,Envelopes,4097.45,2,754.88,0.0
2024-09-02,South,Electronics,Smartphones,4617.23,6,1141.43,0.2
2024-09-02,West,Electronics,Smartphones,4470.41,5,1551.12,0.2
2024-09-04,West,Furniture,Beds,3720.56,6,356.9,0.0
2024-09-05,Central,Office Supplies,Envelopes,1799.51,1,473.59,0.2
2024-09-07,North,Furniture,Beds,2699.94,3,322.49,0.1
2024-09-07,East,Electronics,Smartphones,415.15,2,111.42,0.3
2024-09-07,North,Apparel,Jeans,3821.16,8,563.9,0.1
2024-09-08,South,Furniture,Chairs,4886.59,10,-364.8,0.3
2024-09-08,South,Electronics,Smartphones,4824.02,9,1196.86,0.0
2024-09-08,West,Electronics,Headphones,1575.75,2,618.57,0.3
2024-09-09,Central,Electronics,Smartphones,2894.72,10,748.39,0.3
2024-09-09,West,Office Supplies,Binders,4360.37,4,1706.25,0.1
2024-09-10,Central,Electronics,Cameras,23.53,1,6.34,0.0
2024-09-12,East,Furniture,Chairs,1500.09,9,60.86,0.2
2024-09-12,South,Electronics,Headphones,2778.02,4,350.08,0.1
2024-09-12,West,Electronics,Smartphones,2954.53,1,224.17,0.2
2024-09-12,North,Office Supplies,Paper,2591.34,8,201.67,0.3
2024-09-14,East,Apparel,Jeans,3982.94,2,761.36,0.1
2024-09-14,North,Electronics,Laptops,1998.61,3,221.41,0.3
2024-09-16,South,Office Supplies,Binders,3294.25,2,776.75,0.1
2024-09-17,North,Office Supplies,Envelopes,3217.31,10,1008.26,0.2
2024-09-18,West,Office Supplies,Pens,4893.47,8,1660.3,0.1
2024-09-18,Central,Office Supplies,Paper,391.29,1,45.51,0.2
2024-09-19,West,Furniture,Tables,2400.83,5,390.24,0.3
2024-09-21,North,Apparel,Jackets,1269.85,2,192.48,0.3
2024-09-22,South,Apparel,Shoes,4752.65,2,303.32,0.3
2024-09-23,North,Apparel,T-shirts,595.1,1,103.46,0.3
2024-09-24,East,Furniture,Sofas,4863.95,7,355.65,0.0
2024-09-27,East,Apparel,Shoes,2846.93,3,349.78,0.0
2024-09-28,North,Apparel,Shoes,2272.33,9,726.59,0.1
2024-09-30,East,Office Supplies,Envelopes,1263.32,3,70.51,0.3
2024-10-01,East,Apparel,Jeans,3027.48,3,183.39,0.1
2024-10-01,North,Apparel,Shoes,422.61,10,104.55,0.3
2024-10-01,North,Office Supplies,Binders,1090.56,8,80.18,0.1
2024-10-02,Central,Electronics,Headphones,1633.92,4,199.13,0.0
2024-10-03,South,Office Supplies,Pens,725.07,10,152.81,0.1
2024-10-03,South,Furniture,Sofas,2163.93,3,-208.37,0.3
2024-10-03,West,Furniture,Beds,53.08,1,-3.23,0.1
2024-10-04,Central,Apparel,T-shirts,4284.08,4,297.12,0.3
2024-10-04,North,Electronics,Cameras,3743.82,6,229.06,0.1
2024-10-05,South,Apparel,T-shirts,1104.97,10,327.14,0.1
2024-10-06,North,Electronics,Headphones,3917.48,8,1461.89,0.3
2024-10-06,North,Electronics,Laptops,4075.03,2,1076.23,0.3
2024-10-07,South,Electronics,Headphones,4988.62,4,1439.07,0.1
2024-10-07,West,Electronics,Cameras,938.98,9,138.59,0.2
2024-10-08,Central,Electronics,Smartphones,2895.35,3,843.92,0.2
2024-10-10,West,Office Supplies,Binders,4304.34,7,1175.63,0.0
2024-10-11,Central,Furniture,Beds,258.69,6,-4.0,0.0
2024-10-11,South,Electronics,Cameras,4169.17,3,1486.53,0.0
2024-10-14,Central,Electronics,Headphones,2967.25,1,303.95,0.0
2024-10-14,South,Office Supplies,Pens,1977.91,1,615.92,0.2
2024-10-15,North,Apparel,Jeans,3964.65,9,1330.94,0.1
2024-10-16,North,Electronics,Headphones,482.39,7,28.69,0.0
2024-10-16,East,Office Supplies,Pens,3744.24,8,784.98,0.2
2024-10-17,East,Electronics,Cameras,3948.12,9,657.78,0.3
2024-10-19,North,Office Supplies,Pens,3929.05,8,1155.39,0.2
2024-10-19,South,Office Supplies,Binders,427.89,7,77.36,0.2
2024-10-19,North,Apparel,T-shirts,4534.75,2,1627.02,0.0
2024-10-19,East,Electronics,Cameras,4952.86,6,255.78,0.1
2024-10-20,North,Office Supplies,Pens,2640.73,5,898.43,0.1
2024-10-21,South,Office Supplies,Binders,2993.5,9,480.66,0.3
2024-10-21,North,Apparel,Jackets,2376.18,10,453.35,0.3
2024-10-22,North,Apparel,T-shirts,4415.59,8,789.71,0.0
2024-10-22,Central,Office Supplies,Binders,4601.37,2,474.35,0.2
2024-10-23,South,Apparel,Shoes,1392.29,5,327.21,0.1
2024-10-23,East,Office Supplies,Paper,3881.29,8,562.62,0.3
2024-10-24,East,Furniture,Chairs,2266.36,3,-190.21,0.2
2024-10-25,East,Electronics,Smartphones,3780.88,10,723.53,0.3
2024-10-25,East,Furniture,Sofas,4314.13,7,469.93,0.2
2024-10-25,East,Apparel,T-shirts,1894.31,6,710.72,0.2
2024-10-25,West,Furniture,Beds,4854.14,3,248.97,0.0
2024-10-25,North,Apparel,Jeans,3393.27,3,516.55,0.3
2024-10-28,Central,Furniture,Chairs,1973.24,6,364.81,0.1
2024-10-30,West,Office Supplies,Pens,2009.21,2,379.46,0.0
2024-10-31,East,Office Supplies,Envelopes,1179.95,10,437.77,0.3
2024-11-01,West,Furniture,Beds,1448.37,10,-126.16,0.1
2024-11-02,South,Furniture,Sofas,3457.78,4,-140.09,0.0
2024-11-03,North,Electronics,Headphones,1560.34,4,327.26,0.3
2024-11-03,Central,Office Supplies,Paper,2705.32,8,842.09,0.0
2024-11-04,East,Office Supplies,Binders,2908.73,1,1099.83,0.2
2024-11-04,South,Office Supplies,Binders,1300.3,10,111.47,0.3
2024-11-07,North,Apparel,T-shirts,1837.54,3,338.33,0.0
2024-11-07,South,Electronics,Cameras,1615.08,8,463.25,0.1
2024-11-07,North,Office Supplies,Paper,4237.71,7,602.65,0.1
2024-11-07,Central,Furniture,Chairs,970.33,8,175.44,0.2
2024-11-08,South,Furniture,Beds,825.28,3,133.52,0.2
2024-11-08,South,Electronics,Headphones,1555.12,4,571.16,0.1
2024-11-09,South,Electronics,Cameras,1763.69,10,675.8,0.0
2024-11-10,North,Furniture,Tables,4499.5,8,-220.6,0.2
2024-11-10,West,Office Supplies,Pens,2229.23,1,267.16,0.0
2024-11-11,North,Furniture,Sofas,1761.56,9,-115.21,0.0
2024-11-11,Central,Office Supplies,Paper,3570.41,1,299.14,0.0
2024-11-12,East,Apparel,Jeans,3839.49,9,1119.44,0.1
2024-11-12,North,Apparel,T-shirts,4530.09,9,1328.35,0.2
2024-11-13,West,Apparel,Jeans,74.62,5,20.94,0.3
2024-11-13,North,Office Supplies,Pens,91.35,8,27.25,0.1
2024-11-14,West,Furniture,Sofas,1164.63,9,73.66,0.2
2024-11-14,South,Apparel,T-shirts,77.54,6,27.51,0.1
2024-11-15,South,Apparel,Shoes,4352.69,6,393.32,0.2
2024-11-15,West,Electronics,Headphones,251.6,10,19.62,0.1
2024-11-16,Central,Apparel,Shoes,2195.62,4,191.75,0.1
2024-11-16,South,Office Supplies,Paper,521.12,4,28.68,0.1
2024-11-16,Central,Apparel,Shoes,3525.16,6,181.3,0.2
2024-11-17,East,Apparel,Jackets,3850.04,4,1375.52,0.3
2024-11-17,East,Apparel,Jeans,1737.25,10,460.26,0.0
2024-11-18,Central,Furniture,Tables,69.81,1,-2.73,0.2
2024-11-19,South,Office Supplies,Envelopes,3179.98,4,793.94,0.1
2024-11-19,West,Furniture,Sofas,757.05,2,65.98,0.2
2024-11-21,South,Electronics,Cameras,1046.92,7,339.8,0.1
2024-11-21,South,Furniture,Tables,4552.59,1,-298.51,0.0
2024-11-22,West,Office Supplies,Envelopes,4161.59,1,1428.15,0.1
2024-11-22,East,Furniture,Chairs,1036.37,2,-83.06,0.0
2024-11-22,South,Apparel,Jeans,1977.74,9,152.67,0.0
2024-11-23,South,Electronics,Laptops,619.88,5,236.79,0.1
2024-11-24,South,Furniture,Chairs,2806.44,7,170.42,0.2
2024-11-25,Central,Apparel,Shoes,3948.35,7,1237.49,0.1
2024-11-26,North,Electronics,Smartphones,2119.3,3,345.27,0.1
2024-11-28,North,Electronics,Smartphones,4046.35,3,1364.25,0.0
2024-11-29,East,Furniture,Chairs,1712.27,9,30.88,0.2
2024-12-01,Central,Furniture,Sofas,1982.87,10,332.84,0.1
2024-12-01,North,Office Supplies,Pens,2952.21,1,1023.04,0.2
2024-12-01,West,Furniture,Chairs,638.8,4,126.88,0.1
2024-12-04,East,Apparel,Shoes,4727.47,5,1252.23,0.2
2024-12-06,East,Apparel,Jackets,42.77,6,2.69,0.0
2024-12-08,East,Furniture,Chairs,3507.72,9,102.9,0.1
2024-12-10,West,Furniture,Beds,2735.77,10,17.33,0.3
2024-12-11,North,Office Supplies,Envelopes,2373.79,3,464.43,0.3
2024-12-11,North,Electronics,Headphones,1520.18,6,352.96,0.2
2024-12-12,East,Office Supplies,Paper,4004.89,2,556.09,0.0
2024-12-13,West,Apparel,Jeans,2430.22,3,122.02,0.0
2024-12-13,Central,Apparel,Jeans,2562.44,8,899.22,0.1
2024-12-15,Central,Office Supplies,Pens,4167.64,3,1565.26,0.1
2024-12-15,Central,Furniture,Tables,4445.54,9,598.56,0.0
2024-12-17,South,Electronics,Headphones,3457.0,10,731.05,0.2
2024-12-17,South,Apparel,Jackets,3329.04,8,643.9,0.3
2024-12-17,Central,Electronics,Cameras,940.7,7,376.07,0.0
2024-12-17,North,Electronics,Smartphones,4899.52,5,1357.74,0.2
2024-12-17,Central,Office Supplies,Paper,3228.33,1,170.82,0.1
2024-12-17,Central,Apparel,Jackets,55.8,7,3.22,0.3
2024-12-18,East,Apparel,Jeans,42.37,7,10.52,0.0
2024-12-19,South,Apparel,Shoes,1237.11,5,101.05,0.3
2024-12-20,North,Apparel,T-shirts,4578.9,4,1624.58,0.2
2024-12-20,North,Furniture,Sofas,2361.7,1,204.91,0.0
2024-12-21,East,Furniture,Tables,2283.51,3,448.11,0.2
2024-12-21,Central,Furniture,Sofas,4299.89,10,-259.38,0.1
2024-12-22,West,Furniture,Sofas,367.78,5,-22.0,0.0
2024-12-23,South,Electronics,Headphones,1850.72,4,462.03,0.3
2024-12-24,North,Office Supplies,Paper,3946.04,7,451.81,0.1
2024-12-25,South,Apparel,T-shirts,1745.71,10,641.67,0.1
2024-12-25,West,Furniture,Chairs,825.44,5,30.3,0.2
2024-12-26,Central,Office Supplies,Pens,2552.52,7,976.41,0.3
2024-12-28,West,Furniture,Beds,1948.72,9,282.36,0.1
2024-12-28,South,Apparel,Shoes,670.29,7,225.96,0.0
2024-12-29,Central,Apparel,Jeans,1448.38,2,166.56,0.3
